equipo;numero;nombre;apellido;goles;amarillas;rojas;faltas;minutos;asistencias;partidos
France;1;nombre1;apellido1;1;0;0;0;270;0;3
France;2;nombre2;apellido2;1;0;0;0;90;0;1
France;3;nombre3;apellido3;2;0;0;0;360;0;4
France;4;nombre4;apellido4;1;0;0;0;0;0;0
France;5;nombre5;apellido5;1;0;0;0;90;0;1
France;6;nombre6;apellido6;3;0;0;0;360;0;4
France;7;nombre7;apellido7;1;0;0;0;90;0;1
France;8;nombre8;apellido8;1;0;0;0;90;0;1
France;9;nombre9;apellido9;1;0;0;0;90;0;1
France;10;nombre10;apellido10;1;0;0;0;90;0;1
France;11;nombre11;apellido11;2;0;0;0;90;0;1
France;12;nombre12;apellido12;4;0;0;0;360;0;4
France;13;nombre13;apellido13;1;0;0;0;360;0;4
France;14;nombre14;apellido14;1;0;0;0;270;0;3
France;15;nombre15;apellido15;1;0;0;0;450;0;5
France;16;nombre16;apellido16;2;0;0;0;180;0;2
France;17;nombre17;apellido17;1;0;0;0;270;0;3
France;18;nombre18;apellido18;2;0;0;0;360;0;4
France;19;nombre19;apellido19;1;0;0;0;540;0;6
France;20;nombre20;apellido20;1;0;0;0;270;0;3
France;21;nombre21;apellido21;0;0;0;0;180;0;2
France;22;nombre22;apellido22;0;0;0;0;180;0;2
France;23;nombre23;apellido23;0;0;0;0;90;0;1
France;24;nombre24;apellido24;1;0;0;0;450;0;5
France;25;nombre25;apellido25;0;0;0;0;90;0;1
France;26;nombre26;apellido26;1;0;0;0;270;0;3
Spain;1;nombre1;apellido1;1;0;0;0;90;0;1
Spain;2;nombre2;apellido2;3;0;0;0;450;0;5
Spain;3;nombre3;apellido3;1;0;0;0;180;0;2
Spain;4;nombre4;apellido4;2;0;0;0;90;0;1
Spain;5;nombre5;apellido5;1;0;0;0;180;0;2
Spain;6;nombre6;apellido6;1;0;0;0;270;0;3
Spain;7;nombre7;apellido7;2;0;0;0;90;0;1
Spain;8;nombre8;apellido8;2;0;0;0;450;0;5
Spain;9;nombre9;apellido9;1;0;0;0;0;0;0
Spain;10;nombre10;apellido10;1;0;0;0;180;0;2
Spain;11;nombre11;apellido11;1;0;0;0;360;0;4
Spain;12;nombre12;apellido12;2;0;0;0;270;0;3
Spain;13;nombre13;apellido13;2;0;0;0;180;0;2
Spain;14;nombre14;apellido14;3;0;0;0;540;0;6
Spain;15;nombre15;apellido15;2;0;0;0;540;0;6
Spain;16;nombre16;apellido16;1;0;0;0;270;0;3
Spain;17;nombre17;apellido17;1;0;0;0;90;0;1
Spain;18;nombre18;apellido18;2;0;0;0;450;0;5
Spain;19;nombre19;apellido19;1;0;0;0;360;0;4
Spain;20;nombre20;apellido20;1;0;0;0;0;0;0
Spain;21;nombre21;apellido21;1;0;0;0;450;0;5
Spain;22;nombre22;apellido22;0;0;0;0;180;0;2
Spain;23;nombre23;apellido23;0;0;0;0;360;0;4
Spain;24;nombre24;apellido24;1;0;0;0;180;0;2
Spain;25;nombre25;apellido25;1;0;0;0;450;0;5
Spain;26;nombre26;apellido26;0;0;0;0;270;0;3
Argentina;1;nombre1;apellido1;1;0;0;0;180;0;2
Argentina;2;nombre2;apellido2;1;0;0;0;0;0;0
Argentina;3;nombre3;apellido3;1;0;0;0;180;0;2
Argentina;4;nombre4;apellido4;1;0;0;0;180;0;2
Argentina;5;nombre5;apellido5;1;0;0;0;0;0;0
Argentina;6;nombre6;apellido6;1;0;0;0;180;0;2
Argentina;7;nombre7;apellido7;3;0;0;0;450;0;5
Argentina;8;nombre8;apellido8;1;0;0;0;180;0;2
Argentina;9;nombre9;apellido9;1;0;0;0;90;0;1
Argentina;10;nombre10;apellido10;1;0;0;0;180;0;2
Argentina;11;nombre11;apellido11;1;0;0;0;0;0;0
Argentina;12;nombre12;apellido12;2;0;0;0;450;0;5
Argentina;13;nombre13;apellido13;1;0;0;0;270;0;3
Argentina;14;nombre14;apellido14;1;0;0;0;90;0;1
Argentina;15;nombre15;apellido15;2;0;0;0;270;0;3
Argentina;16;nombre16;apellido16;1;0;0;0;180;0;2
Argentina;17;nombre17;apellido17;2;0;0;0;450;0;5
Argentina;18;nombre18;apellido18;1;0;0;0;360;0;4
Argentina;19;nombre19;apellido19;2;0;0;0;270;0;3
Argentina;20;nombre20;apellido20;1;0;0;0;180;0;2
Argentina;21;nombre21;apellido21;1;0;0;0;90;0;1
Argentina;22;nombre22;apellido22;1;0;0;0;90;0;1
Argentina;23;nombre23;apellido23;1;0;0;0;90;0;1
Argentina;24;nombre24;apellido24;1;0;0;0;0;0;0
Argentina;25;nombre25;apellido25;1;0;0;0;180;0;2
Argentina;26;nombre26;apellido26;2;0;0;0;360;0;4
England;1;nombre1;apellido1;1;0;0;0;180;0;2
England;2;nombre2;apellido2;1;0;0;0;360;0;4
England;3;nombre3;apellido3;1;0;0;0;90;0;1
England;4;nombre4;apellido4;2;0;0;0;180;0;2
England;5;nombre5;apellido5;2;0;0;0;270;0;3
England;6;nombre6;apellido6;1;0;0;0;180;0;2
England;7;nombre7;apellido7;1;0;0;0;90;0;1
England;8;nombre8;apellido8;1;0;0;0;360;0;4
England;9;nombre9;apellido9;1;0;0;0;360;0;4
England;10;nombre10;apellido10;2;0;0;0;90;0;1
England;11;nombre11;apellido11;1;0;0;0;450;0;5
England;12;nombre12;apellido12;2;0;0;0;180;0;2
England;13;nombre13;apellido13;2;0;0;0;360;0;4
England;14;nombre14;apellido14;2;0;0;0;270;0;3
England;15;nombre15;apellido15;1;0;0;0;90;0;1
England;16;nombre16;apellido16;1;0;0;0;180;0;2
England;17;nombre17;apellido17;1;0;0;0;90;0;1
England;18;nombre18;apellido18;1;0;0;0;90;0;1
England;19;nombre19;apellido19;2;0;0;0;180;0;2
England;20;nombre20;apellido20;1;0;0;0;90;0;1
England;21;nombre21;apellido21;0;0;0;0;270;0;3
England;22;nombre22;apellido22;0;0;0;0;450;0;5
England;23;nombre23;apellido23;0;0;0;0;90;0;1
England;24;nombre24;apellido24;0;0;0;0;540;0;6
England;25;nombre25;apellido25;0;0;0;0;270;0;3
England;26;nombre26;apellido26;0;0;0;0;180;0;2
Portugal;1;nombre1;apellido1;1;0;0;0;450;0;5
Portugal;2;nombre2;apellido2;1;0;0;0;270;0;3
Portugal;3;nombre3;apellido3;1;0;0;0;0;0;0
Portugal;4;nombre4;apellido4;3;0;0;0;720;0;8
Portugal;5;nombre5;apellido5;3;0;0;0;270;0;3
Portugal;6;nombre6;apellido6;1;0;0;0;270;0;3
Portugal;7;nombre7;apellido7;1;0;0;0;720;0;8
Portugal;8;nombre8;apellido8;1;0;0;0;90;0;1
Portugal;9;nombre9;apellido9;2;0;0;0;270;0;3
Portugal;10;nombre10;apellido10;1;0;0;0;270;0;3
Portugal;11;nombre11;apellido11;1;0;0;0;180;0;2
Portugal;12;nombre12;apellido12;1;0;0;0;180;0;2
Portugal;13;nombre13;apellido13;2;0;0;0;180;0;2
Portugal;14;nombre14;apellido14;2;0;0;0;360;0;4
Portugal;15;nombre15;apellido15;1;0;0;0;360;0;4
Portugal;16;nombre16;apellido16;2;0;0;0;180;0;2
Portugal;17;nombre17;apellido17;1;0;0;0;90;0;1
Portugal;18;nombre18;apellido18;2;0;0;0;270;0;3
Portugal;19;nombre19;apellido19;1;0;0;0;0;0;0
Portugal;20;nombre20;apellido20;2;0;0;0;180;0;2
Portugal;21;nombre21;apellido21;1;0;0;0;270;0;3
Portugal;22;nombre22;apellido22;0;0;0;0;270;0;3
Portugal;23;nombre23;apellido23;1;0;0;0;450;0;5
Portugal;24;nombre24;apellido24;0;0;0;0;180;0;2
Portugal;25;nombre25;apellido25;0;0;0;0;90;0;1
Portugal;26;nombre26;apellido26;0;0;0;0;360;0;4
Brazil;1;nombre1;apellido1;1;0;0;0;180;0;2
Brazil;2;nombre2;apellido2;1;0;0;0;0;0;0
Brazil;3;nombre3;apellido3;1;0;0;0;0;0;0
Brazil;4;nombre4;apellido4;1;0;0;0;270;0;3
Brazil;5;nombre5;apellido5;1;0;0;0;90;0;1
Brazil;6;nombre6;apellido6;1;0;0;0;180;0;2
Brazil;7;nombre7;apellido7;2;0;0;0;90;0;1
Brazil;8;nombre8;apellido8;1;0;0;0;180;0;2
Brazil;9;nombre9;apellido9;1;0;0;0;0;0;0
Brazil;10;nombre10;apellido10;1;0;0;0;180;0;2
Brazil;11;nombre11;apellido11;1;0;0;0;180;0;2
Brazil;12;nombre12;apellido12;1;0;0;0;0;0;0
Brazil;13;nombre13;apellido13;2;0;0;0;180;0;2
Brazil;14;nombre14;apellido14;1;0;0;0;180;0;2
Brazil;15;nombre15;apellido15;1;0;0;0;90;0;1
Brazil;16;nombre16;apellido16;3;0;0;0;360;0;4
Brazil;17;nombre17;apellido17;1;0;0;0;180;0;2
Brazil;18;nombre18;apellido18;3;0;0;0;360;0;4
Brazil;19;nombre19;apellido19;2;0;0;0;90;0;1
Brazil;20;nombre20;apellido20;1;0;0;0;90;0;1
Brazil;21;nombre21;apellido21;0;0;0;0;90;0;1
Brazil;22;nombre22;apellido22;0;0;0;0;360;0;4
Brazil;23;nombre23;apellido23;1;0;0;0;90;0;1
Brazil;24;nombre24;apellido24;0;0;0;0;180;0;2
Brazil;25;nombre25;apellido25;0;0;0;0;180;0;2
Brazil;26;nombre26;apellido26;0;0;0;0;180;0;2
Netherlands;1;nombre1;apellido1;5;0;0;0;810;0;9
Netherlands;2;nombre2;apellido2;1;0;0;0;180;0;2
Netherlands;3;nombre3;apellido3;2;0;0;0;360;0;4
Netherlands;4;nombre4;apellido4;2;0;0;0;900;0;10
Netherlands;5;nombre5;apellido5;1;0;0;0;450;0;5
Netherlands;6;nombre6;apellido6;3;0;0;0;450;0;5
Netherlands;7;nombre7;apellido7;3;0;0;0;360;0;4
Netherlands;8;nombre8;apellido8;1;0;0;0;450;0;5
Netherlands;9;nombre9;apellido9;1;0;0;0;90;0;1
Netherlands;10;nombre10;apellido10;2;0;0;0;270;0;3
Netherlands;11;nombre11;apellido11;1;0;0;0;90;0;1
Netherlands;12;nombre12;apellido12;1;0;0;0;270;0;3
Netherlands;13;nombre13;apellido13;1;0;0;0;540;0;6
Netherlands;14;nombre14;apellido14;1;0;0;0;180;0;2
Netherlands;15;nombre15;apellido15;1;0;0;0;90;0;1
Netherlands;16;nombre16;apellido16;1;0;0;0;360;0;4
Netherlands;17;nombre17;apellido17;1;0;0;0;360;0;4
Netherlands;18;nombre18;apellido18;1;0;0;0;0;0;0
Netherlands;19;nombre19;apellido19;2;0;0;0;270;0;3
Netherlands;20;nombre20;apellido20;1;0;0;0;0;0;0
Netherlands;21;nombre21;apellido21;0;0;0;0;90;0;1
Netherlands;22;nombre22;apellido22;0;0;0;0;90;0;1
Netherlands;23;nombre23;apellido23;0;0;0;0;450;0;5
Netherlands;24;nombre24;apellido24;0;0;0;0;180;0;2
Netherlands;25;nombre25;apellido25;0;0;0;0;450;0;5
Netherlands;26;nombre26;apellido26;0;0;0;0;180;0;2
Belgium;1;nombre1;apellido1;1;0;0;0;180;0;2
Belgium;2;nombre2;apellido2;1;0;0;0;90;0;1
Belgium;3;nombre3;apellido3;3;0;0;0;270;0;3
Belgium;4;nombre4;apellido4;1;0;0;0;180;0;2
Belgium;5;nombre5;apellido5;2;0;0;0;270;0;3
Belgium;6;nombre6;apellido6;1;0;0;0;180;0;2
Belgium;7;nombre7;apellido7;1;0;0;0;0;0;0
Belgium;8;nombre8;apellido8;1;0;0;0;180;0;2
Belgium;9;nombre9;apellido9;1;0;0;0;90;0;1
Belgium;10;nombre10;apellido10;1;0;0;0;90;0;1
Belgium;11;nombre11;apellido11;1;0;0;0;0;0;0
Belgium;12;nombre12;apellido12;1;0;0;0;90;0;1
Belgium;13;nombre13;apellido13;1;0;0;0;90;0;1
Belgium;14;nombre14;apellido14;1;0;0;0;90;0;1
Belgium;15;nombre15;apellido15;1;0;0;0;180;0;2
Belgium;16;nombre16;apellido16;1;0;0;0;90;0;1
Belgium;17;nombre17;apellido17;1;0;0;0;90;0;1
Belgium;18;nombre18;apellido18;1;0;0;0;450;0;5
Belgium;19;nombre19;apellido19;1;0;0;0;90;0;1
Belgium;20;nombre20;apellido20;1;0;0;0;180;0;2
Belgium;21;nombre21;apellido21;0;0;0;0;180;0;2
Belgium;22;nombre22;apellido22;0;0;0;0;90;0;1
Belgium;23;nombre23;apellido23;0;0;0;0;180;0;2
Belgium;24;nombre24;apellido24;1;0;0;0;360;0;4
Belgium;25;nombre25;apellido25;0;0;0;0;90;0;1
Belgium;26;nombre26;apellido26;1;0;0;0;180;0;2
Germany;1;nombre1;apellido1;2;0;0;0;270;0;3
Germany;2;nombre2;apellido2;1;0;0;0;90;0;1
Germany;3;nombre3;apellido3;1;0;0;0;270;0;3
Germany;4;nombre4;apellido4;1;0;0;0;0;0;0
Germany;5;nombre5;apellido5;1;0;0;0;90;0;1
Germany;6;nombre6;apellido6;1;0;0;0;180;0;2
Germany;7;nombre7;apellido7;1;0;0;0;90;0;1
Germany;8;nombre8;apellido8;1;0;0;0;0;0;0
Germany;9;nombre9;apellido9;1;0;0;0;360;0;4
Germany;10;nombre10;apellido10;1;0;0;0;90;0;1
Germany;11;nombre11;apellido11;1;0;0;0;90;0;1
Germany;12;nombre12;apellido12;1;0;0;0;0;0;0
Germany;13;nombre13;apellido13;2;0;0;0;450;0;5
Germany;14;nombre14;apellido14;1;0;0;0;270;0;3
Germany;15;nombre15;apellido15;1;0;0;0;90;0;1
Germany;16;nombre16;apellido16;2;0;0;0;180;0;2
Germany;17;nombre17;apellido17;1;0;0;0;180;0;2
Germany;18;nombre18;apellido18;1;0;0;0;90;0;1
Germany;19;nombre19;apellido19;1;0;0;0;180;0;2
Germany;20;nombre20;apellido20;1;0;0;0;90;0;1
Germany;21;nombre21;apellido21;0;0;0;0;180;0;2
Germany;22;nombre22;apellido22;0;0;0;0;90;0;1
Germany;23;nombre23;apellido23;2;0;0;0;360;0;4
Germany;24;nombre24;apellido24;0;0;0;0;180;0;2
Germany;25;nombre25;apellido25;0;0;0;0;0;0;0
Germany;26;nombre26;apellido26;0;0;0;0;90;0;1
Italy;1;nombre1;apellido1;3;0;0;0;180;0;2
Italy;2;nombre2;apellido2;1;0;0;0;540;0;6
Italy;3;nombre3;apellido3;2;0;0;0;180;0;2
Italy;4;nombre4;apellido4;1;0;0;0;270;0;3
Italy;5;nombre5;apellido5;1;0;0;0;0;0;0
Italy;6;nombre6;apellido6;1;0;0;0;270;0;3
Italy;7;nombre7;apellido7;2;0;0;0;180;0;2
Italy;8;nombre8;apellido8;1;0;0;0;360;0;4
Italy;9;nombre9;apellido9;1;0;0;0;540;0;6
Italy;10;nombre10;apellido10;1;0;0;0;90;0;1
Italy;11;nombre11;apellido11;2;0;0;0;630;0;7
Italy;12;nombre12;apellido12;1;0;0;0;450;0;5
Italy;13;nombre13;apellido13;2;0;0;0;180;0;2
Italy;14;nombre14;apellido14;2;0;0;0;540;0;6
Italy;15;nombre15;apellido15;1;0;0;0;360;0;4
Italy;16;nombre16;apellido16;1;0;0;0;0;0;0
Italy;17;nombre17;apellido17;2;0;0;0;180;0;2
Italy;18;nombre18;apellido18;3;0;0;0;450;0;5
Italy;19;nombre19;apellido19;1;0;0;0;360;0;4
Italy;20;nombre20;apellido20;2;0;0;0;450;0;5
Italy;21;nombre21;apellido21;2;0;0;0;540;0;6
Italy;22;nombre22;apellido22;2;0;0;0;450;0;5
Italy;23;nombre23;apellido23;0;0;0;0;360;0;4
Italy;24;nombre24;apellido24;1;0;0;0;90;0;1
Italy;25;nombre25;apellido25;0;0;0;0;180;0;2
Italy;26;nombre26;apellido26;0;0;0;0;90;0;1
Morocco;1;nombre1;apellido1;3;0;0;0;360;0;4
Morocco;2;nombre2;apellido2;1;0;0;0;270;0;3
Morocco;3;nombre3;apellido3;1;0;0;0;90;0;1
Morocco;4;nombre4;apellido4;1;0;0;0;360;0;4
Morocco;5;nombre5;apellido5;2;0;0;0;270;0;3
Morocco;6;nombre6;apellido6;1;0;0;0;0;0;0
Morocco;7;nombre7;apellido7;1;0;0;0;180;0;2
Morocco;8;nombre8;apellido8;2;0;0;0;540;0;6
Morocco;9;nombre9;apellido9;1;0;0;0;180;0;2
Morocco;10;nombre10;apellido10;3;0;0;0;270;0;3
Morocco;11;nombre11;apellido11;2;0;0;0;540;0;6
Morocco;12;nombre12;apellido12;3;0;0;0;270;0;3
Morocco;13;nombre13;apellido13;3;0;0;0;630;0;7
Morocco;14;nombre14;apellido14;1;0;0;0;180;0;2
Morocco;15;nombre15;apellido15;4;0;0;0;450;0;5
Morocco;16;nombre16;apellido16;1;0;0;0;90;0;1
Morocco;17;nombre17;apellido17;1;0;0;0;270;0;3
Morocco;18;nombre18;apellido18;0;0;0;0;90;0;1
Morocco;19;nombre19;apellido19;0;0;0;0;720;0;8
Morocco;20;nombre20;apellido20;0;0;0;0;270;0;3
Morocco;21;nombre21;apellido21;0;0;0;0;450;0;5
Morocco;22;nombre22;apellido22;0;0;0;0;90;0;1
Morocco;23;nombre23;apellido23;2;0;0;0;810;0;9
Morocco;24;nombre24;apellido24;0;0;0;0;270;0;3
Morocco;25;nombre25;apellido25;0;0;0;0;180;0;2
Morocco;26;nombre26;apellido26;1;0;0;0;90;0;1
Uruguay;1;nombre1;apellido1;1;0;0;0;90;0;1
Uruguay;2;nombre2;apellido2;1;0;0;0;0;0;0
Uruguay;3;nombre3;apellido3;1;0;0;0;0;0;0
Uruguay;4;nombre4;apellido4;2;0;0;0;270;0;3
Uruguay;5;nombre5;apellido5;1;0;0;0;0;0;0
Uruguay;6;nombre6;apellido6;1;0;0;0;180;0;2
Uruguay;7;nombre7;apellido7;1;0;0;0;90;0;1
Uruguay;8;nombre8;apellido8;1;0;0;0;0;0;0
Uruguay;9;nombre9;apellido9;1;0;0;0;90;0;1
Uruguay;10;nombre10;apellido10;1;0;0;0;180;0;2
Uruguay;11;nombre11;apellido11;1;0;0;0;180;0;2
Uruguay;12;nombre12;apellido12;2;0;0;0;180;0;2
Uruguay;13;nombre13;apellido13;1;0;0;0;90;0;1
Uruguay;14;nombre14;apellido14;1;0;0;0;0;0;0
Uruguay;15;nombre15;apellido15;1;0;0;0;90;0;1
Uruguay;16;nombre16;apellido16;1;0;0;0;360;0;4
Uruguay;17;nombre17;apellido17;1;0;0;0;90;0;1
Uruguay;18;nombre18;apellido18;0;0;0;0;90;0;1
Uruguay;19;nombre19;apellido19;0;0;0;0;270;0;3
Uruguay;20;nombre20;apellido20;0;0;0;0;0;0;0
Uruguay;21;nombre21;apellido21;0;0;0;0;90;0;1
Uruguay;22;nombre22;apellido22;0;0;0;0;90;0;1
Uruguay;23;nombre23;apellido23;0;0;0;0;90;0;1
Uruguay;24;nombre24;apellido24;0;0;0;0;270;0;3
Uruguay;25;nombre25;apellido25;0;0;0;0;0;0;0
Uruguay;26;nombre26;apellido26;0;0;0;0;180;0;2
Colombia;1;nombre1;apellido1;1;0;0;0;0;0;0
Colombia;2;nombre2;apellido2;3;0;0;0;450;0;5
Colombia;3;nombre3;apellido3;1;0;0;0;270;0;3
Colombia;4;nombre4;apellido4;1;0;0;0;270;0;3
Colombia;5;nombre5;apellido5;1;0;0;0;180;0;2
Colombia;6;nombre6;apellido6;2;0;0;0;90;0;1
Colombia;7;nombre7;apellido7;1;0;0;0;270;0;3
Colombia;8;nombre8;apellido8;1;0;0;0;180;0;2
Colombia;9;nombre9;apellido9;2;0;0;0;450;0;5
Colombia;10;nombre10;apellido10;1;0;0;0;180;0;2
Colombia;11;nombre11;apellido11;1;0;0;0;90;0;1
Colombia;12;nombre12;apellido12;1;0;0;0;90;0;1
Colombia;13;nombre13;apellido13;1;0;0;0;90;0;1
Colombia;14;nombre14;apellido14;1;0;0;0;0;0;0
Colombia;15;nombre15;apellido15;1;0;0;0;180;0;2
Colombia;16;nombre16;apellido16;2;0;0;0;360;0;4
Colombia;17;nombre17;apellido17;0;0;0;0;180;0;2
Colombia;18;nombre18;apellido18;0;0;0;0;360;0;4
Colombia;19;nombre19;apellido19;0;0;0;0;90;0;1
Colombia;20;nombre20;apellido20;0;0;0;0;90;0;1
Colombia;21;nombre21;apellido21;2;0;0;0;360;0;4
Colombia;22;nombre22;apellido22;0;0;0;0;90;0;1
Colombia;23;nombre23;apellido23;0;0;0;0;90;0;1
Colombia;24;nombre24;apellido24;0;0;0;0;270;0;3
Colombia;25;nombre25;apellido25;0;0;0;0;90;0;1
Colombia;26;nombre26;apellido26;1;0;0;0;180;0;2
Croatia;1;nombre1;apellido1;2;0;0;0;270;0;3
Croatia;2;nombre2;apellido2;1;0;0;0;270;0;3
Croatia;3;nombre3;apellido3;1;0;0;0;90;0;1
Croatia;4;nombre4;apellido4;1;0;0;0;270;0;3
Croatia;5;nombre5;apellido5;1;0;0;0;90;0;1
Croatia;6;nombre6;apellido6;1;0;0;0;270;0;3
Croatia;7;nombre7;apellido7;1;0;0;0;0;0;0
Croatia;8;nombre8;apellido8;1;0;0;0;270;0;3
Croatia;9;nombre9;apellido9;1;0;0;0;180;0;2
Croatia;10;nombre10;apellido10;1;0;0;0;90;0;1
Croatia;11;nombre11;apellido11;2;0;0;0;180;0;2
Croatia;12;nombre12;apellido12;2;0;0;0;270;0;3
Croatia;13;nombre13;apellido13;1;0;0;0;90;0;1
Croatia;14;nombre14;apellido14;2;0;0;0;90;0;1
Croatia;15;nombre15;apellido15;1;0;0;0;180;0;2
Croatia;16;nombre16;apellido16;1;0;0;0;90;0;1
Croatia;17;nombre17;apellido17;2;0;0;0;270;0;3
Croatia;18;nombre18;apellido18;1;0;0;0;180;0;2
Croatia;19;nombre19;apellido19;1;0;0;0;360;0;4
Croatia;20;nombre20;apellido20;1;0;0;0;360;0;4
Croatia;21;nombre21;apellido21;0;0;0;0;270;0;3
Croatia;22;nombre22;apellido22;0;0;0;0;90;0;1
Croatia;23;nombre23;apellido23;0;0;0;0;0;0;0
Croatia;24;nombre24;apellido24;0;0;0;0;360;0;4
Croatia;25;nombre25;apellido25;0;0;0;0;180;0;2
Croatia;26;nombre26;apellido26;0;0;0;0;180;0;2
Mexico;1;nombre1;apellido1;2;0;0;0;360;0;4
Mexico;2;nombre2;apellido2;1;0;0;0;180;0;2
Mexico;3;nombre3;apellido3;2;0;0;0;180;0;2
Mexico;4;nombre4;apellido4;1;0;0;0;0;0;0
Mexico;5;nombre5;apellido5;1;0;0;0;90;0;1
Mexico;6;nombre6;apellido6;1;0;0;0;270;0;3
Mexico;7;nombre7;apellido7;1;0;0;0;180;0;2
Mexico;8;nombre8;apellido8;1;0;0;0;90;0;1
Mexico;9;nombre9;apellido9;1;0;0;0;180;0;2
Mexico;10;nombre10;apellido10;1;0;0;0;180;0;2
Mexico;11;nombre11;apellido11;1;0;0;0;180;0;2
Mexico;12;nombre12;apellido12;1;0;0;0;270;0;3
Mexico;13;nombre13;apellido13;1;0;0;0;180;0;2
Mexico;14;nombre14;apellido14;2;0;0;0;90;0;1
Mexico;15;nombre15;apellido15;2;0;0;0;270;0;3
Mexico;16;nombre16;apellido16;0;0;0;0;180;0;2
Mexico;17;nombre17;apellido17;2;0;0;0;270;0;3
Mexico;18;nombre18;apellido18;1;0;0;0;360;0;4
Mexico;19;nombre19;apellido19;0;0;0;0;180;0;2
Mexico;20;nombre20;apellido20;1;0;0;0;180;0;2
Mexico;21;nombre21;apellido21;0;0;0;0;90;0;1
Mexico;22;nombre22;apellido22;0;0;0;0;270;0;3
Mexico;23;nombre23;apellido23;1;0;0;0;270;0;3
Mexico;24;nombre24;apellido24;0;0;0;0;90;0;1
Mexico;25;nombre25;apellido25;0;0;0;0;180;0;2
Mexico;26;nombre26;apellido26;0;0;0;0;180;0;2
United States;1;nombre1;apellido1;1;0;0;0;90;0;1
United States;2;nombre2;apellido2;2;0;0;0;90;0;1
United States;3;nombre3;apellido3;1;0;0;0;90;0;1
United States;4;nombre4;apellido4;1;0;0;0;0;0;0
United States;5;nombre5;apellido5;2;0;0;0;90;0;1
United States;6;nombre6;apellido6;1;0;0;0;180;0;2
United States;7;nombre7;apellido7;1;0;0;0;180;0;2
United States;8;nombre8;apellido8;1;0;0;0;0;0;0
United States;9;nombre9;apellido9;1;0;0;0;90;0;1
United States;10;nombre10;apellido10;1;0;0;0;180;0;2
United States;11;nombre11;apellido11;1;0;0;0;180;0;2
United States;12;nombre12;apellido12;1;0;0;0;270;0;3
United States;13;nombre13;apellido13;1;0;0;0;0;0;0
United States;14;nombre14;apellido14;1;0;0;0;0;0;0
United States;15;nombre15;apellido15;1;0;0;0;0;0;0
United States;16;nombre16;apellido16;1;0;0;0;180;0;2
United States;17;nombre17;apellido17;0;0;0;0;0;0;0
United States;18;nombre18;apellido18;0;0;0;0;180;0;2
United States;19;nombre19;apellido19;0;0;0;0;90;0;1
United States;20;nombre20;apellido20;0;0;0;0;360;0;4
United States;21;nombre21;apellido21;0;0;0;0;0;0;0
United States;22;nombre22;apellido22;0;0;0;0;270;0;3
United States;23;nombre23;apellido23;0;0;0;0;180;0;2
United States;24;nombre24;apellido24;0;0;0;0;0;0;0
United States;25;nombre25;apellido25;0;0;0;0;180;0;2
United States;26;nombre26;apellido26;0;0;0;0;90;0;1
Japan;1;nombre1;apellido1;1;0;0;0;360;0;4
Japan;2;nombre2;apellido2;2;0;0;0;270;0;3
Japan;3;nombre3;apellido3;2;0;0;0;720;0;8
Japan;4;nombre4;apellido4;1;0;0;0;90;0;1
Japan;5;nombre5;apellido5;1;0;0;0;360;0;4
Japan;6;nombre6;apellido6;1;0;0;0;180;0;2
Japan;7;nombre7;apellido7;1;0;0;0;90;0;1
Japan;8;nombre8;apellido8;1;0;0;0;450;0;5
Japan;9;nombre9;apellido9;1;0;0;0;270;0;3
Japan;10;nombre10;apellido10;1;0;0;0;90;0;1
Japan;11;nombre11;apellido11;1;0;0;0;270;0;3
Japan;12;nombre12;apellido12;1;0;0;0;270;0;3
Japan;13;nombre13;apellido13;1;0;0;0;180;0;2
Japan;14;nombre14;apellido14;2;0;0;0;180;0;2
Japan;15;nombre15;apellido15;1;0;0;0;270;0;3
Japan;16;nombre16;apellido16;1;0;0;0;180;0;2
Japan;17;nombre17;apellido17;1;0;0;0;90;0;1
Japan;18;nombre18;apellido18;1;0;0;0;180;0;2
Japan;19;nombre19;apellido19;1;0;0;0;180;0;2
Japan;20;nombre20;apellido20;1;0;0;0;90;0;1
Japan;21;nombre21;apellido21;2;0;0;0;90;0;1
Japan;22;nombre22;apellido22;1;0;0;0;90;0;1
Japan;23;nombre23;apellido23;3;0;0;0;450;0;5
Japan;24;nombre24;apellido24;1;0;0;0;0;0;0
Japan;25;nombre25;apellido25;1;0;0;0;180;0;2
Japan;26;nombre26;apellido26;1;0;0;0;360;0;4
Iran;1;nombre1;apellido1;1;0;0;0;90;0;1
Iran;2;nombre2;apellido2;1;0;0;0;0;0;0
Iran;3;nombre3;apellido3;2;0;0;0;180;0;2
Iran;4;nombre4;apellido4;1;0;0;0;90;0;1
Iran;5;nombre5;apellido5;1;0;0;0;180;0;2
Iran;6;nombre6;apellido6;2;0;0;0;180;0;2
Iran;7;nombre7;apellido7;1;0;0;0;450;0;5
Iran;8;nombre8;apellido8;1;0;0;0;180;0;2
Iran;9;nombre9;apellido9;1;0;0;0;90;0;1
Iran;10;nombre10;apellido10;1;0;0;0;90;0;1
Iran;11;nombre11;apellido11;1;0;0;0;0;0;0
Iran;12;nombre12;apellido12;1;0;0;0;0;0;0
Iran;13;nombre13;apellido13;1;0;0;0;180;0;2
Iran;14;nombre14;apellido14;1;0;0;0;90;0;1
Iran;15;nombre15;apellido15;1;0;0;0;360;0;4
Iran;16;nombre16;apellido16;1;0;0;0;90;0;1
Iran;17;nombre17;apellido17;1;0;0;0;360;0;4
Iran;18;nombre18;apellido18;0;0;0;0;180;0;2
Iran;19;nombre19;apellido19;0;0;0;0;90;0;1
Iran;20;nombre20;apellido20;0;0;0;0;180;0;2
Iran;21;nombre21;apellido21;0;0;0;0;0;0;0
Iran;22;nombre22;apellido22;0;0;0;0;90;0;1
Iran;23;nombre23;apellido23;0;0;0;0;180;0;2
Iran;24;nombre24;apellido24;0;0;0;0;450;0;5
Iran;25;nombre25;apellido25;1;0;0;0;90;0;1
Iran;26;nombre26;apellido26;0;0;0;0;90;0;1
Senegal;1;nombre1;apellido1;1;0;0;0;90;0;1
Senegal;2;nombre2;apellido2;1;0;0;0;270;0;3
Senegal;3;nombre3;apellido3;1;0;0;0;180;0;2
Senegal;4;nombre4;apellido4;1;0;0;0;90;0;1
Senegal;5;nombre5;apellido5;2;0;0;0;270;0;3
Senegal;6;nombre6;apellido6;2;0;0;0;270;0;3
Senegal;7;nombre7;apellido7;1;0;0;0;0;0;0
Senegal;8;nombre8;apellido8;1;0;0;0;180;0;2
Senegal;9;nombre9;apellido9;2;0;0;0;360;0;4
Senegal;10;nombre10;apellido10;1;0;0;0;90;0;1
Senegal;11;nombre11;apellido11;1;0;0;0;0;0;0
Senegal;12;nombre12;apellido12;0;0;0;0;90;0;1
Senegal;13;nombre13;apellido13;1;0;0;0;90;0;1
Senegal;14;nombre14;apellido14;0;0;0;0;90;0;1
Senegal;15;nombre15;apellido15;0;0;0;0;90;0;1
Senegal;16;nombre16;apellido16;0;0;0;0;270;0;3
Senegal;17;nombre17;apellido17;0;0;0;0;180;0;2
Senegal;18;nombre18;apellido18;0;0;0;0;90;0;1
Senegal;19;nombre19;apellido19;0;0;0;0;180;0;2
Senegal;20;nombre20;apellido20;0;0;0;0;180;0;2
Senegal;21;nombre21;apellido21;0;0;0;0;90;0;1
Senegal;22;nombre22;apellido22;0;0;0;0;0;0;0
Senegal;23;nombre23;apellido23;0;0;0;0;90;0;1
Senegal;24;nombre24;apellido24;1;0;0;0;450;0;5
Senegal;25;nombre25;apellido25;0;0;0;0;180;0;2
Senegal;26;nombre26;apellido26;0;0;0;0;90;0;1
Denmark;1;nombre1;apellido1;1;0;0;0;180;0;2
Denmark;2;nombre2;apellido2;1;0;0;0;180;0;2
Denmark;3;nombre3;apellido3;2;0;0;0;180;0;2
Denmark;4;nombre4;apellido4;1;0;0;0;180;0;2
Denmark;5;nombre5;apellido5;1;0;0;0;90;0;1
Denmark;6;nombre6;apellido6;1;0;0;0;270;0;3
Denmark;7;nombre7;apellido7;1;0;0;0;90;0;1
Denmark;8;nombre8;apellido8;1;0;0;0;270;0;3
Denmark;9;nombre9;apellido9;1;0;0;0;180;0;2
Denmark;10;nombre10;apellido10;1;0;0;0;270;0;3
Denmark;11;nombre11;apellido11;1;0;0;0;90;0;1
Denmark;12;nombre12;apellido12;1;0;0;0;90;0;1
Denmark;13;nombre13;apellido13;1;0;0;0;180;0;2
Denmark;14;nombre14;apellido14;2;0;0;0;450;0;5
Denmark;15;nombre15;apellido15;1;0;0;0;90;0;1
Denmark;16;nombre16;apellido16;3;0;0;0;360;0;4
Denmark;17;nombre17;apellido17;1;0;0;0;90;0;1
Denmark;18;nombre18;apellido18;1;0;0;0;450;0;5
Denmark;19;nombre19;apellido19;0;0;0;0;270;0;3
Denmark;20;nombre20;apellido20;0;0;0;0;90;0;1
Denmark;21;nombre21;apellido21;0;0;0;0;180;0;2
Denmark;22;nombre22;apellido22;1;0;0;0;540;0;6
Denmark;23;nombre23;apellido23;0;0;0;0;180;0;2
Denmark;24;nombre24;apellido24;0;0;0;0;360;0;4
Denmark;25;nombre25;apellido25;1;0;0;0;270;0;3
Denmark;26;nombre26;apellido26;2;0;0;0;360;0;4
Austria;1;nombre1;apellido1;1;0;0;0;270;0;3
Austria;2;nombre2;apellido2;1;0;0;0;180;0;2
Austria;3;nombre3;apellido3;1;0;0;0;90;0;1
Austria;4;nombre4;apellido4;1;0;0;0;90;0;1
Austria;5;nombre5;apellido5;1;0;0;0;0;0;0
Austria;6;nombre6;apellido6;1;0;0;0;90;0;1
Austria;7;nombre7;apellido7;2;0;0;0;180;0;2
Austria;8;nombre8;apellido8;1;0;0;0;0;0;0
Austria;9;nombre9;apellido9;1;0;0;0;0;0;0
Austria;10;nombre10;apellido10;1;0;0;0;90;0;1
Austria;11;nombre11;apellido11;1;0;0;0;90;0;1
Austria;12;nombre12;apellido12;2;0;0;0;360;0;4
Austria;13;nombre13;apellido13;1;0;0;0;0;0;0
Austria;14;nombre14;apellido14;1;0;0;0;90;0;1
Austria;15;nombre15;apellido15;1;0;0;0;180;0;2
Austria;16;nombre16;apellido16;1;0;0;0;360;0;4
Austria;17;nombre17;apellido17;0;0;0;0;0;0;0
Austria;18;nombre18;apellido18;0;0;0;0;0;0;0
Austria;19;nombre19;apellido19;0;0;0;0;0;0;0
Austria;20;nombre20;apellido20;0;0;0;0;270;0;3
Austria;21;nombre21;apellido21;0;0;0;0;0;0;0
Austria;22;nombre22;apellido22;0;0;0;0;180;0;2
Austria;23;nombre23;apellido23;0;0;0;0;180;0;2
Austria;24;nombre24;apellido24;0;0;0;0;270;0;3
Austria;25;nombre25;apellido25;0;0;0;0;0;0;0
Austria;26;nombre26;apellido26;0;0;0;0;0;0;0
Korea Republic;1;nombre1;apellido1;1;0;0;0;270;0;3
Korea Republic;2;nombre2;apellido2;1;0;0;0;0;0;0
Korea Republic;3;nombre3;apellido3;1;0;0;0;180;0;2
Korea Republic;4;nombre4;apellido4;1;0;0;0;0;0;0
Korea Republic;5;nombre5;apellido5;1;0;0;0;0;0;0
Korea Republic;6;nombre6;apellido6;1;0;0;0;0;0;0
Korea Republic;7;nombre7;apellido7;1;0;0;0;90;0;1
Korea Republic;8;nombre8;apellido8;1;0;0;0;270;0;3
Korea Republic;9;nombre9;apellido9;1;0;0;0;90;0;1
Korea Republic;10;nombre10;apellido10;2;0;0;0;270;0;3
Korea Republic;11;nombre11;apellido11;1;0;0;0;0;0;0
Korea Republic;12;nombre12;apellido12;1;0;0;0;0;0;0
Korea Republic;13;nombre13;apellido13;1;0;0;0;90;0;1
Korea Republic;14;nombre14;apellido14;1;0;0;0;90;0;1
Korea Republic;15;nombre15;apellido15;0;0;0;0;180;0;2
Korea Republic;16;nombre16;apellido16;0;0;0;0;180;0;2
Korea Republic;17;nombre17;apellido17;0;0;0;0;90;0;1
Korea Republic;18;nombre18;apellido18;0;0;0;0;90;0;1
Korea Republic;19;nombre19;apellido19;0;0;0;0;90;0;1
Korea Republic;20;nombre20;apellido20;0;0;0;0;180;0;2
Korea Republic;21;nombre21;apellido21;0;0;0;0;90;0;1
Korea Republic;22;nombre22;apellido22;0;0;0;0;180;0;2
Korea Republic;23;nombre23;apellido23;0;0;0;0;270;0;3
Korea Republic;24;nombre24;apellido24;0;0;0;0;0;0;0
Korea Republic;25;nombre25;apellido25;0;0;0;0;0;0;0
Korea Republic;26;nombre26;apellido26;1;0;0;0;270;0;3
Australia;1;nombre1;apellido1;1;0;0;0;180;0;2
Australia;2;nombre2;apellido2;1;0;0;0;90;0;1
Australia;3;nombre3;apellido3;2;0;0;0;180;0;2
Australia;4;nombre4;apellido4;1;0;0;0;0;0;0
Australia;5;nombre5;apellido5;1;0;0;0;0;0;0
Australia;6;nombre6;apellido6;1;0;0;0;540;0;6
Australia;7;nombre7;apellido7;1;0;0;0;180;0;2
Australia;8;nombre8;apellido8;2;0;0;0;270;0;3
Australia;9;nombre9;apellido9;1;0;0;0;270;0;3
Australia;10;nombre10;apellido10;1;0;0;0;90;0;1
Australia;11;nombre11;apellido11;2;0;0;0;270;0;3
Australia;12;nombre12;apellido12;2;0;0;0;270;0;3
Australia;13;nombre13;apellido13;1;0;0;0;180;0;2
Australia;14;nombre14;apellido14;1;0;0;0;270;0;3
Australia;15;nombre15;apellido15;0;0;0;0;90;0;1
Australia;16;nombre16;apellido16;0;0;0;0;0;0;0
Australia;17;nombre17;apellido17;0;0;0;0;180;0;2
Australia;18;nombre18;apellido18;1;0;0;0;90;0;1
Australia;19;nombre19;apellido19;0;0;0;0;0;0;0
Australia;20;nombre20;apellido20;0;0;0;0;90;0;1
Australia;21;nombre21;apellido21;0;0;0;0;90;0;1
Australia;22;nombre22;apellido22;0;0;0;0;90;0;1
Australia;23;nombre23;apellido23;0;0;0;0;180;0;2
Australia;24;nombre24;apellido24;0;0;0;0;360;0;4
Australia;25;nombre25;apellido25;0;0;0;0;0;0;0
Australia;26;nombre26;apellido26;0;0;0;0;0;0;0
Turkey;1;nombre1;apellido1;1;0;0;0;0;0;0
Turkey;2;nombre2;apellido2;1;0;0;0;0;0;0
Turkey;3;nombre3;apellido3;2;0;0;0;360;0;4
Turkey;4;nombre4;apellido4;1;0;0;0;0;0;0
Turkey;5;nombre5;apellido5;1;0;0;0;0;0;0
Turkey;6;nombre6;apellido6;1;0;0;0;90;0;1
Turkey;7;nombre7;apellido7;2;0;0;0;180;0;2
Turkey;8;nombre8;apellido8;1;0;0;0;90;0;1
Turkey;9;nombre9;apellido9;1;0;0;0;90;0;1
Turkey;10;nombre10;apellido10;1;0;0;0;0;0;0
Turkey;11;nombre11;apellido11;1;0;0;0;180;0;2
Turkey;12;nombre12;apellido12;1;0;0;0;90;0;1
Turkey;13;nombre13;apellido13;1;0;0;0;90;0;1
Turkey;14;nombre14;apellido14;1;0;0;0;180;0;2
Turkey;15;nombre15;apellido15;1;0;0;0;360;0;4
Turkey;16;nombre16;apellido16;0;0;0;0;0;0;0
Turkey;17;nombre17;apellido17;0;0;0;0;90;0;1
Turkey;18;nombre18;apellido18;0;0;0;0;180;0;2
Turkey;19;nombre19;apellido19;0;0;0;0;90;0;1
Turkey;20;nombre20;apellido20;0;0;0;0;180;0;2
Turkey;21;nombre21;apellido21;0;0;0;0;180;0;2
Turkey;22;nombre22;apellido22;0;0;0;0;270;0;3
Turkey;23;nombre23;apellido23;0;0;0;0;0;0;0
Turkey;24;nombre24;apellido24;0;0;0;0;0;0;0
Turkey;25;nombre25;apellido25;0;0;0;0;90;0;1
Turkey;26;nombre26;apellido26;0;0;0;0;180;0;2
Serbia;1;nombre1;apellido1;1;0;0;0;0;0;0
Serbia;2;nombre2;apellido2;1;0;0;0;0;0;0
Serbia;3;nombre3;apellido3;1;0;0;0;360;0;4
Serbia;4;nombre4;apellido4;1;0;0;0;180;0;2
Serbia;5;nombre5;apellido5;1;0;0;0;90;0;1
Serbia;6;nombre6;apellido6;1;0;0;0;180;0;2
Serbia;7;nombre7;apellido7;1;0;0;0;90;0;1
Serbia;8;nombre8;apellido8;1;0;0;0;0;0;0
Serbia;9;nombre9;apellido9;1;0;0;0;180;0;2
Serbia;10;nombre10;apellido10;1;0;0;0;0;0;0
Serbia;11;nombre11;apellido11;1;0;0;0;180;0;2
Serbia;12;nombre12;apellido12;1;0;0;0;180;0;2
Serbia;13;nombre13;apellido13;1;0;0;0;270;0;3
Serbia;14;nombre14;apellido14;1;0;0;0;0;0;0
Serbia;15;nombre15;apellido15;0;0;0;0;0;0;0
Serbia;16;nombre16;apellido16;0;0;0;0;180;0;2
Serbia;17;nombre17;apellido17;0;0;0;0;0;0;0
Serbia;18;nombre18;apellido18;0;0;0;0;90;0;1
Serbia;19;nombre19;apellido19;0;0;0;0;90;0;1
Serbia;20;nombre20;apellido20;0;0;0;0;270;0;3
Serbia;21;nombre21;apellido21;0;0;0;0;90;0;1
Serbia;22;nombre22;apellido22;0;0;0;0;270;0;3
Serbia;23;nombre23;apellido23;0;0;0;0;90;0;1
Serbia;24;nombre24;apellido24;1;0;0;0;90;0;1
Serbia;25;nombre25;apellido25;0;0;0;0;90;0;1
Serbia;26;nombre26;apellido26;0;0;0;0;0;0;0
Sweden;1;nombre1;apellido1;1;0;0;0;90;0;1
Sweden;2;nombre2;apellido2;2;0;0;0;90;0;1
Sweden;3;nombre3;apellido3;1;0;0;0;90;0;1
Sweden;4;nombre4;apellido4;1;0;0;0;90;0;1
Sweden;5;nombre5;apellido5;1;0;0;0;270;0;3
Sweden;6;nombre6;apellido6;1;0;0;0;90;0;1
Sweden;7;nombre7;apellido7;1;0;0;0;90;0;1
Sweden;8;nombre8;apellido8;1;0;0;0;90;0;1
Sweden;9;nombre9;apellido9;1;0;0;0;180;0;2
Sweden;10;nombre10;apellido10;1;0;0;0;90;0;1
Sweden;11;nombre11;apellido11;1;0;0;0;0;0;0
Sweden;12;nombre12;apellido12;1;0;0;0;0;0;0
Sweden;13;nombre13;apellido13;2;0;0;0;180;0;2
Sweden;14;nombre14;apellido14;1;0;0;0;90;0;1
Sweden;15;nombre15;apellido15;0;0;0;0;90;0;1
Sweden;16;nombre16;apellido16;0;0;0;0;270;0;3
Sweden;17;nombre17;apellido17;0;0;0;0;90;0;1
Sweden;18;nombre18;apellido18;0;0;0;0;0;0;0
Sweden;19;nombre19;apellido19;0;0;0;0;360;0;4
Sweden;20;nombre20;apellido20;0;0;0;0;90;0;1
Sweden;21;nombre21;apellido21;0;0;0;0;360;0;4
Sweden;22;nombre22;apellido22;0;0;0;0;90;0;1
Sweden;23;nombre23;apellido23;0;0;0;0;0;0;0
Sweden;24;nombre24;apellido24;0;0;0;0;90;0;1
Sweden;25;nombre25;apellido25;0;0;0;0;0;0;0
Sweden;26;nombre26;apellido26;0;0;0;0;90;0;1
Egypt;1;nombre1;apellido1;2;0;0;0;270;0;3
Egypt;2;nombre2;apellido2;2;0;0;0;270;0;3
Egypt;3;nombre3;apellido3;1;0;0;0;0;0;0
Egypt;4;nombre4;apellido4;2;0;0;0;450;0;5
Egypt;5;nombre5;apellido5;1;0;0;0;0;0;0
Egypt;6;nombre6;apellido6;1;0;0;0;0;0;0
Egypt;7;nombre7;apellido7;1;0;0;0;90;0;1
Egypt;8;nombre8;apellido8;3;0;0;0;270;0;3
Egypt;9;nombre9;apellido9;1;0;0;0;90;0;1
Egypt;10;nombre10;apellido10;1;0;0;0;90;0;1
Egypt;11;nombre11;apellido11;1;0;0;0;90;0;1
Egypt;12;nombre12;apellido12;2;0;0;0;90;0;1
Egypt;13;nombre13;apellido13;1;0;0;0;0;0;0
Egypt;14;nombre14;apellido14;1;0;0;0;90;0;1
Egypt;15;nombre15;apellido15;2;0;0;0;270;0;3
Egypt;16;nombre16;apellido16;1;0;0;0;90;0;1
Egypt;17;nombre17;apellido17;1;0;0;0;180;0;2
Egypt;18;nombre18;apellido18;1;0;0;0;0;0;0
Egypt;19;nombre19;apellido19;0;0;0;0;90;0;1
Egypt;20;nombre20;apellido20;0;0;0;0;360;0;4
Egypt;21;nombre21;apellido21;0;0;0;0;270;0;3
Egypt;22;nombre22;apellido22;0;0;0;0;90;0;1
Egypt;23;nombre23;apellido23;0;0;0;0;360;0;4
Egypt;24;nombre24;apellido24;0;0;0;0;180;0;2
Egypt;25;nombre25;apellido25;0;0;0;0;90;0;1
Egypt;26;nombre26;apellido26;0;0;0;0;180;0;2
Canada;1;nombre1;apellido1;1;0;0;0;180;0;2
Canada;2;nombre2;apellido2;1;0;0;0;180;0;2
Canada;3;nombre3;apellido3;1;0;0;0;180;0;2
Canada;4;nombre4;apellido4;1;0;0;0;270;0;3
Canada;5;nombre5;apellido5;2;0;0;0;90;0;1
Canada;6;nombre6;apellido6;1;0;0;0;180;0;2
Canada;7;nombre7;apellido7;1;0;0;0;90;0;1
Canada;8;nombre8;apellido8;1;0;0;0;90;0;1
Canada;9;nombre9;apellido9;1;0;0;0;270;0;3
Canada;10;nombre10;apellido10;1;0;0;0;0;0;0
Canada;11;nombre11;apellido11;1;0;0;0;90;0;1
Canada;12;nombre12;apellido12;1;0;0;0;90;0;1
Canada;13;nombre13;apellido13;1;0;0;0;360;0;4
Canada;14;nombre14;apellido14;1;0;0;0;90;0;1
Canada;15;nombre15;apellido15;0;0;0;0;180;0;2
Canada;16;nombre16;apellido16;0;0;0;0;0;0;0
Canada;17;nombre17;apellido17;0;0;0;0;0;0;0
Canada;18;nombre18;apellido18;0;0;0;0;0;0;0
Canada;19;nombre19;apellido19;0;0;0;0;90;0;1
Canada;20;nombre20;apellido20;0;0;0;0;270;0;3
Canada;21;nombre21;apellido21;0;0;0;0;0;0;0
Canada;22;nombre22;apellido22;0;0;0;0;0;0;0
Canada;23;nombre23;apellido23;0;0;0;0;90;0;1
Canada;24;nombre24;apellido24;0;0;0;0;0;0;0
Canada;25;nombre25;apellido25;1;0;0;0;180;0;2
Canada;26;nombre26;apellido26;0;0;0;0;0;0;0
Paraguay;1;nombre1;apellido1;1;0;0;0;0;0;0
Paraguay;2;nombre2;apellido2;1;0;0;0;360;0;4
Paraguay;3;nombre3;apellido3;1;0;0;0;90;0;1
Paraguay;4;nombre4;apellido4;1;0;0;0;360;0;4
Paraguay;5;nombre5;apellido5;1;0;0;0;360;0;4
Paraguay;6;nombre6;apellido6;1;0;0;0;180;0;2
Paraguay;7;nombre7;apellido7;1;0;0;0;270;0;3
Paraguay;8;nombre8;apellido8;1;0;0;0;270;0;3
Paraguay;9;nombre9;apellido9;1;0;0;0;90;0;1
Paraguay;10;nombre10;apellido10;1;0;0;0;90;0;1
Paraguay;11;nombre11;apellido11;1;0;0;0;540;0;6
Paraguay;12;nombre12;apellido12;1;0;0;0;90;0;1
Paraguay;13;nombre13;apellido13;1;0;0;0;0;0;0
Paraguay;14;nombre14;apellido14;1;0;0;0;270;0;3
Paraguay;15;nombre15;apellido15;0;0;0;0;90;0;1
Paraguay;16;nombre16;apellido16;1;0;0;0;720;0;8
Paraguay;17;nombre17;apellido17;0;0;0;0;90;0;1
Paraguay;18;nombre18;apellido18;1;0;0;0;360;0;4
Paraguay;19;nombre19;apellido19;1;0;0;0;180;0;2
Paraguay;20;nombre20;apellido20;0;0;0;0;270;0;3
Paraguay;21;nombre21;apellido21;0;0;0;0;180;0;2
Paraguay;22;nombre22;apellido22;0;0;0;0;180;0;2
Paraguay;23;nombre23;apellido23;0;0;0;0;90;0;1
Paraguay;24;nombre24;apellido24;0;0;0;0;180;0;2
Paraguay;25;nombre25;apellido25;0;0;0;0;360;0;4
Paraguay;26;nombre26;apellido26;1;0;0;0;270;0;3
Panama;1;nombre1;apellido1;1;0;0;0;90;0;1
Panama;2;nombre2;apellido2;1;0;0;0;180;0;2
Panama;3;nombre3;apellido3;1;0;0;0;180;0;2
Panama;4;nombre4;apellido4;1;0;0;0;90;0;1
Panama;5;nombre5;apellido5;1;0;0;0;90;0;1
Panama;6;nombre6;apellido6;2;0;0;0;360;0;4
Panama;7;nombre7;apellido7;1;0;0;0;90;0;1
Panama;8;nombre8;apellido8;1;0;0;0;90;0;1
Panama;9;nombre9;apellido9;1;0;0;0;90;0;1
Panama;10;nombre10;apellido10;1;0;0;0;0;0;0
Panama;11;nombre11;apellido11;1;0;0;0;0;0;0
Panama;12;nombre12;apellido12;0;0;0;0;180;0;2
Panama;13;nombre13;apellido13;0;0;0;0;90;0;1
Panama;14;nombre14;apellido14;0;0;0;0;90;0;1
Panama;15;nombre15;apellido15;0;0;0;0;270;0;3
Panama;16;nombre16;apellido16;1;0;0;0;180;0;2
Panama;17;nombre17;apellido17;0;0;0;0;90;0;1
Panama;18;nombre18;apellido18;0;0;0;0;90;0;1
Panama;19;nombre19;apellido19;0;0;0;0;0;0;0
Panama;20;nombre20;apellido20;0;0;0;0;0;0;0
Panama;21;nombre21;apellido21;1;0;0;0;180;0;2
Panama;22;nombre22;apellido22;0;0;0;0;90;0;1
Panama;23;nombre23;apellido23;0;0;0;0;0;0;0
Panama;24;nombre24;apellido24;0;0;0;0;0;0;0
Panama;25;nombre25;apellido25;0;0;0;0;180;0;2
Panama;26;nombre26;apellido26;0;0;0;0;270;0;3
Nigeria;1;nombre1;apellido1;2;0;0;0;180;0;2
Nigeria;2;nombre2;apellido2;1;0;0;0;180;0;2
Nigeria;3;nombre3;apellido3;1;0;0;0;450;0;5
Nigeria;4;nombre4;apellido4;1;0;0;0;270;0;3
Nigeria;5;nombre5;apellido5;1;0;0;0;180;0;2
Nigeria;6;nombre6;apellido6;1;0;0;0;90;0;1
Nigeria;7;nombre7;apellido7;1;0;0;0;90;0;1
Nigeria;8;nombre8;apellido8;1;0;0;0;90;0;1
Nigeria;9;nombre9;apellido9;1;0;0;0;90;0;1
Nigeria;10;nombre10;apellido10;1;0;0;0;0;0;0
Nigeria;11;nombre11;apellido11;0;0;0;0;0;0;0
Nigeria;12;nombre12;apellido12;0;0;0;0;90;0;1
Nigeria;13;nombre13;apellido13;0;0;0;0;180;0;2
Nigeria;14;nombre14;apellido14;0;0;0;0;0;0;0
Nigeria;15;nombre15;apellido15;0;0;0;0;180;0;2
Nigeria;16;nombre16;apellido16;0;0;0;0;0;0;0
Nigeria;17;nombre17;apellido17;0;0;0;0;0;0;0
Nigeria;18;nombre18;apellido18;0;0;0;0;180;0;2
Nigeria;19;nombre19;apellido19;0;0;0;0;90;0;1
Nigeria;20;nombre20;apellido20;1;0;0;0;90;0;1
Nigeria;21;nombre21;apellido21;0;0;0;0;90;0;1
Nigeria;22;nombre22;apellido22;1;0;0;0;270;0;3
Nigeria;23;nombre23;apellido23;0;0;0;0;90;0;1
Nigeria;24;nombre24;apellido24;0;0;0;0;0;0;0
Nigeria;25;nombre25;apellido25;0;0;0;0;0;0;0
Nigeria;26;nombre26;apellido26;0;0;0;0;90;0;1
Costa Rica;1;nombre1;apellido1;2;0;0;0;270;0;3
Costa Rica;2;nombre2;apellido2;1;0;0;0;0;0;0
Costa Rica;3;nombre3;apellido3;1;0;0;0;90;0;1
Costa Rica;4;nombre4;apellido4;1;0;0;0;180;0;2
Costa Rica;5;nombre5;apellido5;1;0;0;0;180;0;2
Costa Rica;6;nombre6;apellido6;1;0;0;0;270;0;3
Costa Rica;7;nombre7;apellido7;1;0;0;0;90;0;1
Costa Rica;8;nombre8;apellido8;1;0;0;0;90;0;1
Costa Rica;9;nombre9;apellido9;1;0;0;0;90;0;1
Costa Rica;10;nombre10;apellido10;1;0;0;0;0;0;0
Costa Rica;11;nombre11;apellido11;0;0;0;0;180;0;2
Costa Rica;12;nombre12;apellido12;0;0;0;0;180;0;2
Costa Rica;13;nombre13;apellido13;0;0;0;0;180;0;2
Costa Rica;14;nombre14;apellido14;0;0;0;0;90;0;1
Costa Rica;15;nombre15;apellido15;0;0;0;0;180;0;2
Costa Rica;16;nombre16;apellido16;1;0;0;0;90;0;1
Costa Rica;17;nombre17;apellido17;0;0;0;0;90;0;1
Costa Rica;18;nombre18;apellido18;0;0;0;0;0;0;0
Costa Rica;19;nombre19;apellido19;0;0;0;0;90;0;1
Costa Rica;20;nombre20;apellido20;0;0;0;0;0;0;0
Costa Rica;21;nombre21;apellido21;0;0;0;0;180;0;2
Costa Rica;22;nombre22;apellido22;0;0;0;0;0;0;0
Costa Rica;23;nombre23;apellido23;0;0;0;0;180;0;2
Costa Rica;24;nombre24;apellido24;0;0;0;0;90;0;1
Costa Rica;25;nombre25;apellido25;0;0;0;0;0;0;0
Costa Rica;26;nombre26;apellido26;0;0;0;0;180;0;2
Tunisia;1;nombre1;apellido1;2;0;0;0;270;0;3
Tunisia;2;nombre2;apellido2;1;0;0;0;270;0;3
Tunisia;3;nombre3;apellido3;1;0;0;0;90;0;1
Tunisia;4;nombre4;apellido4;1;0;0;0;180;0;2
Tunisia;5;nombre5;apellido5;1;0;0;0;180;0;2
Tunisia;6;nombre6;apellido6;1;0;0;0;450;0;5
Tunisia;7;nombre7;apellido7;1;0;0;0;180;0;2
Tunisia;8;nombre8;apellido8;1;0;0;0;90;0;1
Tunisia;9;nombre9;apellido9;1;0;0;0;630;0;7
Tunisia;10;nombre10;apellido10;1;0;0;0;180;0;2
Tunisia;11;nombre11;apellido11;0;0;0;0;180;0;2
Tunisia;12;nombre12;apellido12;0;0;0;0;270;0;3
Tunisia;13;nombre13;apellido13;0;0;0;0;270;0;3
Tunisia;14;nombre14;apellido14;0;0;0;0;90;0;1
Tunisia;15;nombre15;apellido15;1;0;0;0;270;0;3
Tunisia;16;nombre16;apellido16;0;0;0;0;270;0;3
Tunisia;17;nombre17;apellido17;1;0;0;0;270;0;3
Tunisia;18;nombre18;apellido18;0;0;0;0;180;0;2
Tunisia;19;nombre19;apellido19;0;0;0;0;90;0;1
Tunisia;20;nombre20;apellido20;1;0;0;0;180;0;2
Tunisia;21;nombre21;apellido21;0;0;0;0;270;0;3
Tunisia;22;nombre22;apellido22;0;0;0;0;630;0;7
Tunisia;23;nombre23;apellido23;0;0;0;0;270;0;3
Tunisia;24;nombre24;apellido24;0;0;0;0;360;0;4
Tunisia;25;nombre25;apellido25;1;0;0;0;360;0;4
Tunisia;26;nombre26;apellido26;0;0;0;0;450;0;5
Czech Republic;1;nombre1;apellido1;1;0;0;0;90;0;1
Czech Republic;2;nombre2;apellido2;1;0;0;0;0;0;0
Czech Republic;3;nombre3;apellido3;1;0;0;0;90;0;1
Czech Republic;4;nombre4;apellido4;1;0;0;0;90;0;1
Czech Republic;5;nombre5;apellido5;1;0;0;0;360;0;4
Czech Republic;6;nombre6;apellido6;1;0;0;0;180;0;2
Czech Republic;7;nombre7;apellido7;1;0;0;0;90;0;1
Czech Republic;8;nombre8;apellido8;1;0;0;0;90;0;1
Czech Republic;9;nombre9;apellido9;1;0;0;0;180;0;2
Czech Republic;10;nombre10;apellido10;1;0;0;0;0;0;0
Czech Republic;11;nombre11;apellido11;1;0;0;0;0;0;0
Czech Republic;12;nombre12;apellido12;0;0;0;0;0;0;0
Czech Republic;13;nombre13;apellido13;1;0;0;0;90;0;1
Czech Republic;14;nombre14;apellido14;1;0;0;0;450;0;5
Czech Republic;15;nombre15;apellido15;0;0;0;0;180;0;2
Czech Republic;16;nombre16;apellido16;0;0;0;0;0;0;0
Czech Republic;17;nombre17;apellido17;1;0;0;0;180;0;2
Czech Republic;18;nombre18;apellido18;0;0;0;0;90;0;1
Czech Republic;19;nombre19;apellido19;0;0;0;0;90;0;1
Czech Republic;20;nombre20;apellido20;0;0;0;0;180;0;2
Czech Republic;21;nombre21;apellido21;0;0;0;0;0;0;0
Czech Republic;22;nombre22;apellido22;1;0;0;0;90;0;1
Czech Republic;23;nombre23;apellido23;0;0;0;0;0;0;0
Czech Republic;24;nombre24;apellido24;0;0;0;0;90;0;1
Czech Republic;25;nombre25;apellido25;0;0;0;0;90;0;1
Czech Republic;26;nombre26;apellido26;0;0;0;0;270;0;3
Qatar;1;nombre1;apellido1;1;0;0;0;90;0;1
Qatar;2;nombre2;apellido2;3;0;0;0;450;0;5
Qatar;3;nombre3;apellido3;2;0;0;0;180;0;2
Qatar;4;nombre4;apellido4;2;0;0;0;180;0;2
Qatar;5;nombre5;apellido5;1;0;0;0;0;0;0
Qatar;6;nombre6;apellido6;1;0;0;0;360;0;4
Qatar;7;nombre7;apellido7;1;0;0;0;90;0;1
Qatar;8;nombre8;apellido8;1;0;0;0;180;0;2
Qatar;9;nombre9;apellido9;1;0;0;0;270;0;3
Qatar;10;nombre10;apellido10;1;0;0;0;180;0;2
Qatar;11;nombre11;apellido11;1;0;0;0;270;0;3
Qatar;12;nombre12;apellido12;1;0;0;0;0;0;0
Qatar;13;nombre13;apellido13;1;0;0;0;270;0;3
Qatar;14;nombre14;apellido14;1;0;0;0;0;0;0
Qatar;15;nombre15;apellido15;1;0;0;0;180;0;2
Qatar;16;nombre16;apellido16;1;0;0;0;90;0;1
Qatar;17;nombre17;apellido17;1;0;0;0;180;0;2
Qatar;18;nombre18;apellido18;0;0;0;0;0;0;0
Qatar;19;nombre19;apellido19;0;0;0;0;0;0;0
Qatar;20;nombre20;apellido20;0;0;0;0;90;0;1
Qatar;21;nombre21;apellido21;0;0;0;0;0;0;0
Qatar;22;nombre22;apellido22;0;0;0;0;90;0;1
Qatar;23;nombre23;apellido23;0;0;0;0;540;0;6
Qatar;24;nombre24;apellido24;0;0;0;0;0;0;0
Qatar;25;nombre25;apellido25;0;0;0;0;180;0;2
Qatar;26;nombre26;apellido26;0;0;0;0;90;0;1
Cameroon;1;nombre1;apellido1;1;0;0;0;360;0;4
Cameroon;2;nombre2;apellido2;1;0;0;0;270;0;3
Cameroon;3;nombre3;apellido3;1;0;0;0;360;0;4
Cameroon;4;nombre4;apellido4;1;0;0;0;180;0;2
Cameroon;5;nombre5;apellido5;1;0;0;0;90;0;1
Cameroon;6;nombre6;apellido6;1;0;0;0;90;0;1
Cameroon;7;nombre7;apellido7;1;0;0;0;270;0;3
Cameroon;8;nombre8;apellido8;1;0;0;0;450;0;5
Cameroon;9;nombre9;apellido9;1;0;0;0;180;0;2
Cameroon;10;nombre10;apellido10;1;0;0;0;180;0;2
Cameroon;11;nombre11;apellido11;3;0;0;0;450;0;5
Cameroon;12;nombre12;apellido12;2;0;0;0;270;0;3
Cameroon;13;nombre13;apellido13;1;0;0;0;0;0;0
Cameroon;14;nombre14;apellido14;1;0;0;0;360;0;4
Cameroon;15;nombre15;apellido15;1;0;0;0;0;0;0
Cameroon;16;nombre16;apellido16;2;0;0;0;270;0;3
Cameroon;17;nombre17;apellido17;0;0;0;0;180;0;2
Cameroon;18;nombre18;apellido18;0;0;0;0;270;0;3
Cameroon;19;nombre19;apellido19;0;0;0;0;180;0;2
Cameroon;20;nombre20;apellido20;0;0;0;0;270;0;3
Cameroon;21;nombre21;apellido21;1;0;0;0;360;0;4
Cameroon;22;nombre22;apellido22;0;0;0;0;90;0;1
Cameroon;23;nombre23;apellido23;0;0;0;0;180;0;2
Cameroon;24;nombre24;apellido24;0;0;0;0;0;0;0
Cameroon;25;nombre25;apellido25;2;0;0;0;450;0;5
Cameroon;26;nombre26;apellido26;0;0;0;0;180;0;2
Scotland;1;nombre1;apellido1;1;0;0;0;0;0;0
Scotland;2;nombre2;apellido2;1;0;0;0;90;0;1
Scotland;3;nombre3;apellido3;1;0;0;0;360;0;4
Scotland;4;nombre4;apellido4;1;0;0;0;0;0;0
Scotland;5;nombre5;apellido5;1;0;0;0;270;0;3
Scotland;6;nombre6;apellido6;1;0;0;0;180;0;2
Scotland;7;nombre7;apellido7;1;0;0;0;90;0;1
Scotland;8;nombre8;apellido8;1;0;0;0;0;0;0
Scotland;9;nombre9;apellido9;1;0;0;0;270;0;3
Scotland;10;nombre10;apellido10;1;0;0;0;450;0;5
Scotland;11;nombre11;apellido11;1;0;0;0;270;0;3
Scotland;12;nombre12;apellido12;0;0;0;0;360;0;4
Scotland;13;nombre13;apellido13;2;0;0;0;270;0;3
Scotland;14;nombre14;apellido14;0;0;0;0;0;0;0
Scotland;15;nombre15;apellido15;0;0;0;0;180;0;2
Scotland;16;nombre16;apellido16;1;0;0;0;270;0;3
Scotland;17;nombre17;apellido17;0;0;0;0;90;0;1
Scotland;18;nombre18;apellido18;0;0;0;0;90;0;1
Scotland;19;nombre19;apellido19;0;0;0;0;90;0;1
Scotland;20;nombre20;apellido20;0;0;0;0;90;0;1
Scotland;21;nombre21;apellido21;0;0;0;0;0;0;0
Scotland;22;nombre22;apellido22;0;0;0;0;90;0;1
Scotland;23;nombre23;apellido23;0;0;0;0;90;0;1
Scotland;24;nombre24;apellido24;0;0;0;0;180;0;2
Scotland;25;nombre25;apellido25;0;0;0;0;0;0;0
Scotland;26;nombre26;apellido26;0;0;0;0;180;0;2
Uzbekistan;1;nombre1;apellido1;1;0;0;0;360;0;4
Uzbekistan;2;nombre2;apellido2;1;0;0;0;270;0;3
Uzbekistan;3;nombre3;apellido3;2;0;0;0;540;0;6
Uzbekistan;4;nombre4;apellido4;1;0;0;0;90;0;1
Uzbekistan;5;nombre5;apellido5;1;0;0;0;270;0;3
Uzbekistan;6;nombre6;apellido6;1;0;0;0;0;0;0
Uzbekistan;7;nombre7;apellido7;1;0;0;0;90;0;1
Uzbekistan;8;nombre8;apellido8;1;0;0;0;0;0;0
Uzbekistan;9;nombre9;apellido9;1;0;0;0;180;0;2
Uzbekistan;10;nombre10;apellido10;2;0;0;0;180;0;2
Uzbekistan;11;nombre11;apellido11;1;0;0;0;0;0;0
Uzbekistan;12;nombre12;apellido12;1;0;0;0;180;0;2
Uzbekistan;13;nombre13;apellido13;1;0;0;0;180;0;2
Uzbekistan;14;nombre14;apellido14;0;0;0;0;270;0;3
Uzbekistan;15;nombre15;apellido15;0;0;0;0;90;0;1
Uzbekistan;16;nombre16;apellido16;0;0;0;0;90;0;1
Uzbekistan;17;nombre17;apellido17;0;0;0;0;270;0;3
Uzbekistan;18;nombre18;apellido18;1;0;0;0;90;0;1
Uzbekistan;19;nombre19;apellido19;0;0;0;0;180;0;2
Uzbekistan;20;nombre20;apellido20;0;0;0;0;180;0;2
Uzbekistan;21;nombre21;apellido21;2;0;0;0;360;0;4
Uzbekistan;22;nombre22;apellido22;0;0;0;0;360;0;4
Uzbekistan;23;nombre23;apellido23;0;0;0;0;180;0;2
Uzbekistan;24;nombre24;apellido24;0;0;0;0;0;0;0
Uzbekistan;25;nombre25;apellido25;0;0;0;0;360;0;4
Uzbekistan;26;nombre26;apellido26;0;0;0;0;180;0;2
South Africa;1;nombre1;apellido1;1;0;0;0;90;0;1
South Africa;2;nombre2;apellido2;1;0;0;0;360;0;4
South Africa;3;nombre3;apellido3;2;0;0;0;360;0;4
South Africa;4;nombre4;apellido4;1;0;0;0;180;0;2
South Africa;5;nombre5;apellido5;1;0;0;0;360;0;4
South Africa;6;nombre6;apellido6;1;0;0;0;0;0;0
South Africa;7;nombre7;apellido7;1;0;0;0;90;0;1
South Africa;8;nombre8;apellido8;1;0;0;0;0;0;0
South Africa;9;nombre9;apellido9;1;0;0;0;0;0;0
South Africa;10;nombre10;apellido10;1;0;0;0;270;0;3
South Africa;11;nombre11;apellido11;0;0;0;0;0;0;0
South Africa;12;nombre12;apellido12;0;0;0;0;180;0;2
South Africa;13;nombre13;apellido13;0;0;0;0;0;0;0
South Africa;14;nombre14;apellido14;0;0;0;0;90;0;1
South Africa;15;nombre15;apellido15;0;0;0;0;90;0;1
South Africa;16;nombre16;apellido16;1;0;0;0;360;0;4
South Africa;17;nombre17;apellido17;0;0;0;0;90;0;1
South Africa;18;nombre18;apellido18;0;0;0;0;360;0;4
South Africa;19;nombre19;apellido19;0;0;0;0;180;0;2
South Africa;20;nombre20;apellido20;0;0;0;0;90;0;1
South Africa;21;nombre21;apellido21;0;0;0;0;0;0;0
South Africa;22;nombre22;apellido22;0;0;0;0;0;0;0
South Africa;23;nombre23;apellido23;0;0;0;0;270;0;3
South Africa;24;nombre24;apellido24;0;0;0;0;90;0;1
South Africa;25;nombre25;apellido25;1;0;0;0;270;0;3
South Africa;26;nombre26;apellido26;0;0;0;0;180;0;2
Saudi Arabia;1;nombre1;apellido1;2;0;0;0;270;0;3
Saudi Arabia;2;nombre2;apellido2;1;0;0;0;0;0;0
Saudi Arabia;3;nombre3;apellido3;1;0;0;0;180;0;2
Saudi Arabia;4;nombre4;apellido4;1;0;0;0;90;0;1
Saudi Arabia;5;nombre5;apellido5;1;0;0;0;90;0;1
Saudi Arabia;6;nombre6;apellido6;1;0;0;0;90;0;1
Saudi Arabia;7;nombre7;apellido7;1;0;0;0;0;0;0
Saudi Arabia;8;nombre8;apellido8;1;0;0;0;180;0;2
Saudi Arabia;9;nombre9;apellido9;0;0;0;0;0;0;0
Saudi Arabia;10;nombre10;apellido10;0;0;0;0;0;0;0
Saudi Arabia;11;nombre11;apellido11;0;0;0;0;90;0;1
Saudi Arabia;12;nombre12;apellido12;0;0;0;0;0;0;0
Saudi Arabia;13;nombre13;apellido13;0;0;0;0;90;0;1
Saudi Arabia;14;nombre14;apellido14;0;0;0;0;90;0;1
Saudi Arabia;15;nombre15;apellido15;0;0;0;0;0;0;0
Saudi Arabia;16;nombre16;apellido16;0;0;0;0;90;0;1
Saudi Arabia;17;nombre17;apellido17;0;0;0;0;360;0;4
Saudi Arabia;18;nombre18;apellido18;0;0;0;0;90;0;1
Saudi Arabia;19;nombre19;apellido19;0;0;0;0;360;0;4
Saudi Arabia;20;nombre20;apellido20;0;0;0;0;90;0;1
Saudi Arabia;21;nombre21;apellido21;0;0;0;0;0;0;0
Saudi Arabia;22;nombre22;apellido22;0;0;0;0;90;0;1
Saudi Arabia;23;nombre23;apellido23;0;0;0;0;180;0;2
Saudi Arabia;24;nombre24;apellido24;0;0;0;0;270;0;3
Saudi Arabia;25;nombre25;apellido25;0;0;0;0;0;0;0
Saudi Arabia;26;nombre26;apellido26;1;0;0;0;270;0;3
Bosnia and Herzegovina;1;nombre1;apellido1;2;0;0;0;180;0;2
Bosnia and Herzegovina;2;nombre2;apellido2;1;0;0;0;180;0;2
Bosnia and Herzegovina;3;nombre3;apellido3;1;0;0;0;0;0;0
Bosnia and Herzegovina;4;nombre4;apellido4;1;0;0;0;90;0;1
Bosnia and Herzegovina;5;nombre5;apellido5;1;0;0;0;90;0;1
Bosnia and Herzegovina;6;nombre6;apellido6;3;0;0;0;450;0;5
Bosnia and Herzegovina;7;nombre7;apellido7;1;0;0;0;0;0;0
Bosnia and Herzegovina;8;nombre8;apellido8;1;0;0;0;90;0;1
Bosnia and Herzegovina;9;nombre9;apellido9;1;0;0;0;270;0;3
Bosnia and Herzegovina;10;nombre10;apellido10;1;0;0;0;90;0;1
Bosnia and Herzegovina;11;nombre11;apellido11;1;0;0;0;90;0;1
Bosnia and Herzegovina;12;nombre12;apellido12;0;0;0;0;180;0;2
Bosnia and Herzegovina;13;nombre13;apellido13;0;0;0;0;90;0;1
Bosnia and Herzegovina;14;nombre14;apellido14;0;0;0;0;90;0;1
Bosnia and Herzegovina;15;nombre15;apellido15;0;0;0;0;180;0;2
Bosnia and Herzegovina;16;nombre16;apellido16;0;0;0;0;90;0;1
Bosnia and Herzegovina;17;nombre17;apellido17;0;0;0;0;0;0;0
Bosnia and Herzegovina;18;nombre18;apellido18;0;0;0;0;0;0;0
Bosnia and Herzegovina;19;nombre19;apellido19;0;0;0;0;0;0;0
Bosnia and Herzegovina;20;nombre20;apellido20;0;0;0;0;0;0;0
Bosnia and Herzegovina;21;nombre21;apellido21;0;0;0;0;90;0;1
Bosnia and Herzegovina;22;nombre22;apellido22;0;0;0;0;0;0;0
Bosnia and Herzegovina;23;nombre23;apellido23;0;0;0;0;0;0;0
Bosnia and Herzegovina;24;nombre24;apellido24;0;0;0;0;270;0;3
Bosnia and Herzegovina;25;nombre25;apellido25;0;0;0;0;90;0;1
Bosnia and Herzegovina;26;nombre26;apellido26;1;0;0;0;360;0;4
Iraq;1;nombre1;apellido1;1;0;0;0;0;0;0
Iraq;2;nombre2;apellido2;2;0;0;0;450;0;5
Iraq;3;nombre3;apellido3;1;0;0;0;180;0;2
Iraq;4;nombre4;apellido4;1;0;0;0;90;0;1
Iraq;5;nombre5;apellido5;1;0;0;0;90;0;1
Iraq;6;nombre6;apellido6;1;0;0;0;540;0;6
Iraq;7;nombre7;apellido7;1;0;0;0;90;0;1
Iraq;8;nombre8;apellido8;0;0;0;0;0;0;0
Iraq;9;nombre9;apellido9;0;0;0;0;0;0;0
Iraq;10;nombre10;apellido10;0;0;0;0;90;0;1
Iraq;11;nombre11;apellido11;0;0;0;0;90;0;1
Iraq;12;nombre12;apellido12;0;0;0;0;0;0;0
Iraq;13;nombre13;apellido13;0;0;0;0;90;0;1
Iraq;14;nombre14;apellido14;0;0;0;0;0;0;0
Iraq;15;nombre15;apellido15;0;0;0;0;0;0;0
Iraq;16;nombre16;apellido16;0;0;0;0;0;0;0
Iraq;17;nombre17;apellido17;0;0;0;0;270;0;3
Iraq;18;nombre18;apellido18;0;0;0;0;180;0;2
Iraq;19;nombre19;apellido19;0;0;0;0;90;0;1
Iraq;20;nombre20;apellido20;0;0;0;0;0;0;0
Iraq;21;nombre21;apellido21;0;0;0;0;90;0;1
Iraq;22;nombre22;apellido22;0;0;0;0;90;0;1
Iraq;23;nombre23;apellido23;0;0;0;0;360;0;4
Iraq;24;nombre24;apellido24;0;0;0;0;90;0;1
Iraq;25;nombre25;apellido25;0;0;0;0;90;0;1
Iraq;26;nombre26;apellido26;0;0;0;0;0;0;0
Jordan;1;nombre1;apellido1;1;0;0;0;90;0;1
Jordan;2;nombre2;apellido2;2;0;0;0;180;0;2
Jordan;3;nombre3;apellido3;1;0;0;0;90;0;1
Jordan;4;nombre4;apellido4;2;0;0;0;270;0;3
Jordan;5;nombre5;apellido5;1;0;0;0;90;0;1
Jordan;6;nombre6;apellido6;1;0;0;0;180;0;2
Jordan;7;nombre7;apellido7;2;0;0;0;270;0;3
Jordan;8;nombre8;apellido8;1;0;0;0;270;0;3
Jordan;9;nombre9;apellido9;2;0;0;0;360;0;4
Jordan;10;nombre10;apellido10;2;0;0;0;360;0;4
Jordan;11;nombre11;apellido11;1;0;0;0;180;0;2
Jordan;12;nombre12;apellido12;1;0;0;0;90;0;1
Jordan;13;nombre13;apellido13;1;0;0;0;360;0;4
Jordan;14;nombre14;apellido14;1;0;0;0;90;0;1
Jordan;15;nombre15;apellido15;1;0;0;0;180;0;2
Jordan;16;nombre16;apellido16;1;0;0;0;270;0;3
Jordan;17;nombre17;apellido17;1;0;0;0;270;0;3
Jordan;18;nombre18;apellido18;1;0;0;0;90;0;1
Jordan;19;nombre19;apellido19;1;0;0;0;450;0;5
Jordan;20;nombre20;apellido20;1;0;0;0;180;0;2
Jordan;21;nombre21;apellido21;0;0;0;0;180;0;2
Jordan;22;nombre22;apellido22;0;0;0;0;450;0;5
Jordan;23;nombre23;apellido23;0;0;0;0;0;0;0
Jordan;24;nombre24;apellido24;2;0;0;0;450;0;5
Jordan;25;nombre25;apellido25;1;0;0;0;270;0;3
Jordan;26;nombre26;apellido26;1;0;0;0;270;0;3
Ghana;1;nombre1;apellido1;2;0;0;0;450;0;5
Ghana;2;nombre2;apellido2;4;0;0;0;360;0;4
Ghana;3;nombre3;apellido3;1;0;0;0;90;0;1
Ghana;4;nombre4;apellido4;1;0;0;0;180;0;2
Ghana;5;nombre5;apellido5;1;0;0;0;450;0;5
Ghana;6;nombre6;apellido6;1;0;0;0;270;0;3
Ghana;7;nombre7;apellido7;1;0;0;0;90;0;1
Ghana;8;nombre8;apellido8;2;0;0;0;270;0;3
Ghana;9;nombre9;apellido9;1;0;0;0;90;0;1
Ghana;10;nombre10;apellido10;4;0;0;0;450;0;5
Ghana;11;nombre11;apellido11;1;0;0;0;450;0;5
Ghana;12;nombre12;apellido12;1;0;0;0;180;0;2
Ghana;13;nombre13;apellido13;2;0;0;0;540;0;6
Ghana;14;nombre14;apellido14;1;0;0;0;90;0;1
Ghana;15;nombre15;apellido15;0;0;0;0;540;0;6
Ghana;16;nombre16;apellido16;0;0;0;0;90;0;1
Ghana;17;nombre17;apellido17;1;0;0;0;180;0;2
Ghana;18;nombre18;apellido18;0;0;0;0;90;0;1
Ghana;19;nombre19;apellido19;0;0;0;0;90;0;1
Ghana;20;nombre20;apellido20;1;0;0;0;360;0;4
Ghana;21;nombre21;apellido21;0;0;0;0;180;0;2
Ghana;22;nombre22;apellido22;1;0;0;0;90;0;1
Ghana;23;nombre23;apellido23;0;0;0;0;180;0;2
Ghana;24;nombre24;apellido24;0;0;0;0;360;0;4
Ghana;25;nombre25;apellido25;2;0;0;0;360;0;4
Ghana;26;nombre26;apellido26;3;0;0;0;450;0;5
DR Congo;1;nombre1;apellido1;1;0;0;0;90;0;1
DR Congo;2;nombre2;apellido2;1;0;0;0;90;0;1
DR Congo;3;nombre3;apellido3;1;0;0;0;0;0;0
DR Congo;4;nombre4;apellido4;3;0;0;0;450;0;5
DR Congo;5;nombre5;apellido5;1;0;0;0;0;0;0
DR Congo;6;nombre6;apellido6;2;0;0;0;180;0;2
DR Congo;7;nombre7;apellido7;1;0;0;0;0;0;0
DR Congo;8;nombre8;apellido8;1;0;0;0;0;0;0
DR Congo;9;nombre9;apellido9;1;0;0;0;0;0;0
DR Congo;10;nombre10;apellido10;0;0;0;0;180;0;2
DR Congo;11;nombre11;apellido11;0;0;0;0;360;0;4
DR Congo;12;nombre12;apellido12;0;0;0;0;90;0;1
DR Congo;13;nombre13;apellido13;1;0;0;0;270;0;3
DR Congo;14;nombre14;apellido14;0;0;0;0;90;0;1
DR Congo;15;nombre15;apellido15;0;0;0;0;450;0;5
DR Congo;16;nombre16;apellido16;0;0;0;0;90;0;1
DR Congo;17;nombre17;apellido17;0;0;0;0;180;0;2
DR Congo;18;nombre18;apellido18;1;0;0;0;180;0;2
DR Congo;19;nombre19;apellido19;0;0;0;0;90;0;1
DR Congo;20;nombre20;apellido20;0;0;0;0;180;0;2
DR Congo;21;nombre21;apellido21;0;0;0;0;0;0;0
DR Congo;22;nombre22;apellido22;0;0;0;0;270;0;3
DR Congo;23;nombre23;apellido23;0;0;0;0;270;0;3
DR Congo;24;nombre24;apellido24;0;0;0;0;180;0;2
DR Congo;25;nombre25;apellido25;0;0;0;0;90;0;1
DR Congo;26;nombre26;apellido26;0;0;0;0;180;0;2
Haiti;1;nombre1;apellido1;1;0;0;0;270;0;3
Haiti;2;nombre2;apellido2;1;0;0;0;180;0;2
Haiti;3;nombre3;apellido3;2;0;0;0;180;0;2
Haiti;4;nombre4;apellido4;1;0;0;0;0;0;0
Haiti;5;nombre5;apellido5;1;0;0;0;90;0;1
Haiti;6;nombre6;apellido6;1;0;0;0;0;0;0
Haiti;7;nombre7;apellido7;1;0;0;0;90;0;1
Haiti;8;nombre8;apellido8;1;0;0;0;0;0;0
Haiti;9;nombre9;apellido9;1;0;0;0;90;0;1
Haiti;10;nombre10;apellido10;1;0;0;0;180;0;2
Haiti;11;nombre11;apellido11;0;0;0;0;180;0;2
Haiti;12;nombre12;apellido12;0;0;0;0;0;0;0
Haiti;13;nombre13;apellido13;0;0;0;0;0;0;0
Haiti;14;nombre14;apellido14;0;0;0;0;90;0;1
Haiti;15;nombre15;apellido15;0;0;0;0;180;0;2
Haiti;16;nombre16;apellido16;0;0;0;0;0;0;0
Haiti;17;nombre17;apellido17;0;0;0;0;180;0;2
Haiti;18;nombre18;apellido18;0;0;0;0;90;0;1
Haiti;19;nombre19;apellido19;0;0;0;0;180;0;2
Haiti;20;nombre20;apellido20;0;0;0;0;180;0;2
Haiti;21;nombre21;apellido21;1;0;0;0;270;0;3
Haiti;22;nombre22;apellido22;0;0;0;0;0;0;0
Haiti;23;nombre23;apellido23;0;0;0;0;180;0;2
Haiti;24;nombre24;apellido24;0;0;0;0;180;0;2
Haiti;25;nombre25;apellido25;0;0;0;0;90;0;1
Haiti;26;nombre26;apellido26;0;0;0;0;90;0;1
New Zealand;1;nombre1;apellido1;2;0;0;0;270;0;3
New Zealand;2;nombre2;apellido2;1;0;0;0;180;0;2
New Zealand;3;nombre3;apellido3;1;0;0;0;360;0;4
New Zealand;4;nombre4;apellido4;3;0;0;0;180;0;2
New Zealand;5;nombre5;apellido5;1;0;0;0;0;0;0
New Zealand;6;nombre6;apellido6;2;0;0;0;360;0;4
New Zealand;7;nombre7;apellido7;1;0;0;0;270;0;3
New Zealand;8;nombre8;apellido8;0;0;0;0;360;0;4
New Zealand;9;nombre9;apellido9;0;0;0;0;90;0;1
New Zealand;10;nombre10;apellido10;0;0;0;0;90;0;1
New Zealand;11;nombre11;apellido11;0;0;0;0;180;0;2
New Zealand;12;nombre12;apellido12;0;0;0;0;0;0;0
New Zealand;13;nombre13;apellido13;1;0;0;0;180;0;2
New Zealand;14;nombre14;apellido14;0;0;0;0;180;0;2
New Zealand;15;nombre15;apellido15;0;0;0;0;270;0;3
New Zealand;16;nombre16;apellido16;0;0;0;0;90;0;1
New Zealand;17;nombre17;apellido17;3;0;0;0;270;0;3
New Zealand;18;nombre18;apellido18;0;0;0;0;90;0;1
New Zealand;19;nombre19;apellido19;0;0;0;0;180;0;2
New Zealand;20;nombre20;apellido20;1;0;0;0;270;0;3
New Zealand;21;nombre21;apellido21;0;0;0;0;90;0;1
New Zealand;22;nombre22;apellido22;1;0;0;0;360;0;4
New Zealand;23;nombre23;apellido23;0;0;0;0;90;0;1
New Zealand;24;nombre24;apellido24;1;0;0;0;270;0;3
New Zealand;25;nombre25;apellido25;0;0;0;0;270;0;3
New Zealand;26;nombre26;apellido26;0;0;0;0;0;0;0
Cabo Verde;1;nombre1;apellido1;1;0;0;0;180;0;2
Cabo Verde;2;nombre2;apellido2;1;0;0;0;0;0;0
Cabo Verde;3;nombre3;apellido3;2;0;0;0;180;0;2
Cabo Verde;4;nombre4;apellido4;1;0;0;0;90;0;1
Cabo Verde;5;nombre5;apellido5;1;0;0;0;180;0;2
Cabo Verde;6;nombre6;apellido6;1;0;0;0;180;0;2
Cabo Verde;7;nombre7;apellido7;1;0;0;0;0;0;0
Cabo Verde;8;nombre8;apellido8;1;0;0;0;180;0;2
Cabo Verde;9;nombre9;apellido9;2;0;0;0;180;0;2
Cabo Verde;10;nombre10;apellido10;1;0;0;0;180;0;2
Cabo Verde;11;nombre11;apellido11;0;0;0;0;450;0;5
Cabo Verde;12;nombre12;apellido12;1;0;0;0;270;0;3
Cabo Verde;13;nombre13;apellido13;0;0;0;0;180;0;2
Cabo Verde;14;nombre14;apellido14;0;0;0;0;180;0;2
Cabo Verde;15;nombre15;apellido15;0;0;0;0;360;0;4
Cabo Verde;16;nombre16;apellido16;0;0;0;0;90;0;1
Cabo Verde;17;nombre17;apellido17;0;0;0;0;90;0;1
Cabo Verde;18;nombre18;apellido18;0;0;0;0;180;0;2
Cabo Verde;19;nombre19;apellido19;0;0;0;0;360;0;4
Cabo Verde;20;nombre20;apellido20;0;0;0;0;0;0;0
Cabo Verde;21;nombre21;apellido21;0;0;0;0;180;0;2
Cabo Verde;22;nombre22;apellido22;0;0;0;0;90;0;1
Cabo Verde;23;nombre23;apellido23;0;0;0;0;0;0;0
Cabo Verde;24;nombre24;apellido24;1;0;0;0;180;0;2
Cabo Verde;25;nombre25;apellido25;0;0;0;0;0;0;0
Cabo Verde;26;nombre26;apellido26;0;0;0;0;0;0;0
